{"_id":1,"tags":["Oysters", "Ornaments", "General Information", "Pearl"],"title":"What is a Pearl?","blog_text":"A pearl is a hard object produced within the soft tissue (specifically the mantle) of a living shelled mollusc. Just like the shell of a clam, a pearl is made up of calcium carbonate in minute crystalline form, which has been deposited in concentric layers. The ideal pearl is perfectly round and smooth, but many other shapes of pearls (baroque pearls) occur. The finest quality natural pearls have been highly valued as gemstones and objects of beauty for many centuries, and because of this, the word pearl has become a metaphor for something very rare, fine, admirable, and valuable.","source":"Wikipedia","postedBy":"xyz"}
{"_id":2,"tags":["Programming Language", "PERL"],"blog_text":"Perl 5 is a highly capable, feature-rich programming language with over 26 years of development. To learn more about PERL, visit http://www.perl.org/learn.html","source":"perl.org","postedBy":"abc"}
{"_id":3,"tags":["Database", "MongoDB", "NoSQL"],"blog_text":"MongoDB (from 'humongous') is a cross-platform document-oriented database system. Classified as a NoSQL database, MongoDB eschews the traditional table-based relational database structure in favor of JSON-like documents with dynamic schemas (MongoDB calls the format BSON), making the integration of data in certain types of applications easier and faster. Released under a combination of the GNU Affero General Public License and the Apache License, MongoDB is free and open source software.","source":"Wikipedia","postedBy":"xyz"}
{"_id":4,"tags":["News", "Whatsapp", "Facebook", "Social Media", "Acquisition"], "title":"Facebook acquires Whatsapp", "blog_text":"On February 19th, Facebook announced its acquisition of WhatsApp, one of the biggest acquisitions of a tech company in history. The deal was valued at $19 billion, with Facebook paying $4 billion in cash, $15 billion in shares of Facebook and other stock units.", "source":"seekingalpha.com"}
{"_id":5,"tags":["Movies", "Hollywood"], "title":"We Bought a Zoo plot", "blog_text":"Plot for the movie 'We Bought a Zoo' plot is as follows. Benjamin has lost his wife. In a bid to start his life over, he purchases a large house that has a zoo. This is welcome news for his daughter, but his son is not happy about it. The zoo is need of renovation and Benjamin sets about the work with the head keeper, Kelly, and the rest of the zoo staff. But, the zoo soon runs into financial trouble. The staff must get the zoo back to its former glory, pass a zoo inspection, and get it back open to the public.", "source":"imdb", "postedBy":"anon"}
{"_id":6,"tags":["Zoo", "Animals"], "title":"What is a Zoo?", "blog_text":"A zoo (short for zoological park or zoological garden, and also called a menagerie) is a facility in which animals are confined within enclosures, displayed to the public, and in which they may also be bred.", "author":"anon"}
